nom,epoch,trial,battery,station,target,reward,state,action,x,y,done,fail,df
[0, 0, 1, 97.5, 99, 99, -1, 35, 2, 7, 4, 0, 0, 0]
[0, 0, 2, 96.0, 90.7146157431864, 94.70395779819081, -1, 35, 0, 1, 0, 0, 0, 0]
[0, 0, 3, 94.5, 82.71763746124408, 91.22282484984174, -1, 35, 1, 2, 0, 0, 0, 0]
[0, 0, 4, 93.0, 75.10125240771652, 88.65265056855428, -1, 35, 1, 3, 0, 0, 0, 0]
[0, 0, 5, 91.5, 75.10125240771652, 88.65265056855428, -1, 35, 2, 3, 0, 0, 0, 0]
[0, 0, 6, 90.0, 67.99347915460106, 87.07413887244226, -1, 35, 1, 4, 0, 0, 0, 0]
[0, 0, 7, 88.5, 61.57071406268307, 86.54157033603224, -1, 35, 1, 5, 0, 0, 0, 0]
[0, 0, 8, 87.0, 61.57071406268307, 86.54157033603224, -1, 34, 2, 5, 0, 0, 0, 0]
[0, 0, 9, 85.5, 61.57071406268307, 86.54157033603224, -1, 34, 2, 5, 0, 0, 0, 0]
[0, 0, 10, 84.0, 67.99347915460106, 87.07413887244226, -1, 34, 1, 4, 0, 0, 0, 0]
[0, 0, 11, 82.5, 61.57071406268307, 86.54157033603224, -1, 35, 1, 5, 0, 0, 0, 0]
[0, 0, 12, 81.0, 67.99347915460106, 87.07413887244226, -1, 34, 1, 4, 0, 0, 0, 0]
[0, 0, 13, 79.5, 61.57071406268307, 86.54157033603224, -1, 35, 1, 5, 0, 0, 0, 0]
[0, 0, 14, 78.0, 67.99347915460106, 87.07413887244226, -1, 34, 1, 4, 0, 0, 0, 0]
[0, 0, 15, 76.5, 61.57071406268307, 86.54157033603224, -1, 35, 1, 5, 0, 0, 0, 0]
[0, 0, 16, 75.0, 67.99347915460106, 87.07413887244226, -1, 34, 1, 4, 0, 0, 0, 0]
[0, 0, 17, 73.5, 61.57071406268307, 86.54157033603224, -1, 35, 1, 5, 0, 0, 0, 0]
[0, 0, 18, 72.0, 67.99347915460106, 87.07413887244226, -1, 34, 1, 4, 0, 0, 0, 0]
[0, 0, 19, 70.5, 61.57071406268307, 86.54157033603224, -1, 35, 1, 5, 0, 0, 0, 0]
[0, 0, 20, 69.0, 67.99347915460106, 87.07413887244226, -1, 25, 1, 4, 0, 0, 0, 0]
[0, 0, 21, 67.5, 61.57071406268307, 77.52449399906664, -1, 26, 0, 4, 1, 0, 0, 0]
[0, 0, 22, 66.0, 56.06885928153056, 67.99347915460106, -1, 25, 1, 4, 2, 0, 0, 0]
[0, 0, 23, 64.5, 48.07865018668458, 67.3101102613584, -1, 25, 1, 5, 2, 0, 0, 0]
[0, 0, 24, 63.0, 40.796087492760634, 67.99347915460106, -1, 25, 1, 6, 2, 0, 0, 0]
[0, 0, 25, 61.5, 34.670007700637505, 70.0035713374682, 5, 25, 1, 7, 2, 0, 0, 0]
[0, 0, 26, 60.0, 40.796087492760634, 67.99347915460106, -1, 24, 0, 6, 2, 0, 0, 0]
[0, 0, 27, 58.5, 34.670007700637505, 70.0035713374682, 5, 25, 1, 7, 2, 0, 0, 0]
[0, 0, 28, 57.0, 30.407608283280585, 73.23121821159823, 5, 24, 1, 8, 2, 0, 0, 0]
[0, 0, 29, 55.5, 21.501426016771934, 64.5042780503158, 5, 24, 1, 8, 3, 0, 0, 0]
[0, 0, 30, 54.0, 13.598695830920215, 56.06885928153056, 5, 21, 1, 8, 4, 0, 0, 0]
[0, 0, 31, 52.5, 9.615730037336915, 61.57071406268307, 5, 21, 1, 9, 4, 0, 0, 0]
[0, 0, 32, 51.0, 0, 54.39478332368086, 5, 21, 1, 9, 5, 1, 0, 0]
[0, 1, 1, 97.5, 90.7146157431864, 94.70395779819081, -1, 35, 1, 1, 0, 0, 0, 0]
[0, 1, 2, 96.0, 86.00570406708773, 86.00570406708773, -1, 35, 0, 1, 1, 0, 0, 0]
[0, 1, 3, 94.5, 77.52449399906664, 82.15683345296888, -1, 35, 0, 2, 1, 0, 0, 0]
[0, 1, 4, 93.0, 69.34001540127501, 79.29334122272911, -1, 35, 1, 3, 1, 0, 0, 0]
[0, 1, 5, 91.5, 61.57071406268307, 77.52449399906664, -1, 35, 1, 4, 1, 0, 0, 0]
[0, 1, 6, 90.0, 56.06885928153056, 67.99347915460106, -1, 34, 1, 4, 2, 0, 0, 0]
[0, 1, 7, 88.5, 51.7822909919729, 58.490202372576086, -1, 34, 0, 4, 3, 0, 0, 0]
[0, 1, 8, 87.0, 51.7822909919729, 58.490202372576086, -1, 31, 2, 4, 3, 0, 0, 0]
[0, 1, 9, 85.5, 49.030795097821205, 49.030795097821205, -1, 31, 0, 4, 4, 0, 0, 0]
[0, 1, 10, 84.0, 39.646670611364556, 48.07865018668458, -1, 31, 1, 5, 4, 0, 0, 0]
[0, 1, 11, 82.5, 38.46292014934766, 38.46292014934766, -1, 31, 1, 5, 5, 0, 0, 0]
[0, 1, 12, 81.0, 39.646670611364556, 48.07865018668458, -1, 31, 1, 5, 4, 0, 0, 0]
[0, 1, 13, 79.5, 38.46292014934766, 38.46292014934766, -1, 31, 1, 5, 5, 0, 0, 0]
[0, 1, 14, 78.0, 39.646670611364556, 48.07865018668458, -1, 31, 1, 5, 4, 0, 0, 0]
[0, 1, 15, 76.5, 38.46292014934766, 38.46292014934766, -1, 31, 1, 5, 5, 0, 0, 0]
[0, 1, 16, 75.0, 39.646670611364556, 48.07865018668458, -1, 31, 1, 5, 4, 0, 0, 0]
[0, 1, 17, 73.5, 38.46292014934766, 38.46292014934766, -1, 31, 1, 5, 5, 0, 0, 0]
[0, 1, 18, 72.0, 39.646670611364556, 48.07865018668458, -1, 31, 1, 5, 4, 0, 0, 0]
[0, 1, 19, 70.5, 38.46292014934766, 38.46292014934766, -1, 31, 1, 5, 5, 0, 0, 0]
[0, 1, 20, 69.0, 39.646670611364556, 28.847190112010743, 10, 22, 0, 5, 6, 0, 0, 0]
[0, 1, 21, 67.5, 43.00285203354387, 19.23146007467383, 10, 19, 0, 5, 7, 0, 0, 0]
[0, 1, 22, 66.0, 34.670007700637505, 21.501426016771934, 10, 19, 0, 6, 7, 0, 0, 0]
[0, 1, 23, 64.5, 43.00285203354387, 19.23146007467383, 10, 18, 0, 5, 7, 0, 0, 0]
[0, 1, 24, 63.0, 34.670007700637505, 21.501426016771934, 10, 19, 0, 6, 7, 0, 0, 0]
[0, 1, 25, 61.5, 43.00285203354387, 19.23146007467383, 10, 18, 0, 5, 7, 0, 0, 0]
[0, 1, 26, 60.0, 34.670007700637505, 21.501426016771934, 10, 19, 0, 6, 7, 0, 0, 0]
[0, 1, 27, 58.5, 43.00285203354387, 19.23146007467383, 10, 18, 0, 5, 7, 0, 0, 0]
[0, 1, 28, 57.0, 34.670007700637505, 21.501426016771934, 10, 19, 0, 6, 7, 0, 0, 0]
[0, 1, 29, 55.5, 43.00285203354387, 19.23146007467383, 10, 18, 0, 5, 7, 0, 0, 0]
[0, 1, 30, 54.0, 34.670007700637505, 21.501426016771934, 10, 19, 0, 6, 7, 0, 0, 0]
[0, 1, 31, 52.5, 43.00285203354387, 19.23146007467383, 10, 18, 0, 5, 7, 0, 0, 0]
[0, 1, 32, 51.0, 34.670007700637505, 21.501426016771934, 10, 19, 0, 6, 7, 0, 0, 0]
[0, 1, 33, 49.5, 43.00285203354387, 19.23146007467383, 10, 9, 0, 5, 7, 0, 0, 0]
[0, 1, 34, 48.0, 34.670007700637505, 21.501426016771934, 10, 10, 0, 6, 7, 0, 0, 0]
[0, 1, 35, 46.5, 43.00285203354387, 19.23146007467383, 10, 9, 0, 5, 7, 0, 0, 0]
[0, 1, 36, 45.0, 34.670007700637505, 21.501426016771934, 10, 10, 0, 6, 7, 0, 0, 0]
[0, 1, 37, 43.5, 43.00285203354387, 19.23146007467383, 10, 9, 0, 5, 7, 0, 0, 0]
[0, 1, 38, 42.0, 34.670007700637505, 21.501426016771934, 10, 10, 0, 6, 7, 0, 0, 0]
[0, 1, 39, 40.5, 43.00285203354387, 19.23146007467383, 10, 9, 0, 5, 7, 0, 0, 0]
[0, 1, 40, 38.5, 34.670007700637505, 21.501426016771934, 10, 10, 0, 6, 7, 0, 0, 0]
[0, 1, 41, 36.0, 43.00285203354387, 19.23146007467383, 10, 9, 0, 5, 7, 0, 0, 0]
[0, 1, 42, 33.5, 34.670007700637505, 21.501426016771934, 10, 10, 0, 6, 7, 0, 0, 0]
[0, 1, 43, 31.0, 43.00285203354387, 19.23146007467383, 10, 9, 0, 5, 7, 0, 0, 0]
[0, 1, 44, 28.5, 34.670007700637505, 21.501426016771934, 10, 1, 0, 6, 7, 0, 0, 0]
[0, 1, 45, 26.0, 43.00285203354387, 19.23146007467383, 10, 0, 0, 5, 7, 0, 0, 0]
[0, 1, 46, 23.5, 34.670007700637505, 21.501426016771934, 10, 1, 0, 6, 7, 0, 0, 0]
[0, 1, 47, 21.0, 43.00285203354387, 19.23146007467383, 10, 0, 0, 5, 7, 0, 0, 0]
[0, 1, 48, 18.5, 34.670007700637505, 21.501426016771934, 10, 1, 0, 6, 7, 0, 0, 0]
[0, 1, 49, 16.0, 43.00285203354387, 19.23146007467383, 10, 0, 0, 5, 7, 0, 0, 0]
[0, 1, 50, 13.5, 34.670007700637505, 21.501426016771934, 10, 1, 0, 6, 7, 0, 0, 0]
[0, 1, 51, 11.0, 43.00285203354387, 19.23146007467383, 10, 0, 0, 5, 7, 0, 0, 0]
[0, 1, 52, 8.5, 34.670007700637505, 21.501426016771934, 10, 1, 0, 6, 7, 0, 0, 0]
[0, 2, 1, 97.5, 99, 99, -1, 35, 2, 6, 7, 0, 0, 0]
[0, 2, 2, 96.0, 99, 99, -1, 35, 2, 6, 7, 0, 0, 0]
[0, 2, 3, 94.5, 99, 99, -1, 35, 2, 6, 7, 0, 0, 0]
[0, 2, 4, 93.0, 90.7146157431864, 94.70395779819081, -1, 35, 1, 1, 0, 0, 0, 0]
[0, 2, 5, 91.5, 86.00570406708773, 86.00570406708773, -1, 35, 0, 1, 1, 0, 0, 0]
[0, 2, 6, 90.0, 77.52449399906664, 82.15683345296888, -1, 35, 0, 2, 1, 0, 0, 0]
[0, 2, 7, 88.5, 77.52449399906664, 82.15683345296888, -1, 35, 2, 2, 1, 0, 0, 0]
[0, 2, 8, 87.0, 69.34001540127501, 79.29334122272911, -1, 35, 1, 3, 1, 0, 0, 0]
[0, 2, 9, 85.5, 61.57071406268307, 77.52449399906664, -1, 35, 1, 4, 1, 0, 0, 0]
[0, 2, 10, 84.0, 56.06885928153056, 67.99347915460106, -1, 34, 1, 4, 2, 0, 0, 0]
[0, 2, 11, 82.5, 48.07865018668458, 67.3101102613584, -1, 34, 1, 5, 2, 0, 0, 0]
[0, 2, 12, 81.0, 40.796087492760634, 67.99347915460106, -1, 34, 1, 6, 2, 0, 0, 0]
[0, 2, 13, 79.5, 34.670007700637505, 70.0035713374682, 5, 34, 1, 7, 2, 0, 0, 0]
[0, 2, 14, 78.0, 40.796087492760634, 67.99347915460106, -1, 33, 0, 6, 2, 0, 0, 0]
[0, 2, 15, 76.5, 34.670007700637505, 70.0035713374682, 5, 34, 1, 7, 2, 0, 0, 0]
[0, 2, 16, 75.0, 30.407608283280585, 73.23121821159823, 5, 33, 1, 8, 2, 0, 0, 0]
[0, 2, 17, 73.5, 21.501426016771934, 64.5042780503158, 5, 33, 1, 8, 3, 0, 0, 0]
[0, 2, 18, 72.0, 13.598695830920215, 56.06885928153056, 5, 30, 1, 8, 4, 0, 0, 0]
[0, 2, 19, 70.5, 9.615730037336915, 61.57071406268307, 5, 30, 1, 9, 4, 0, 0, 0]
[0, 2, 20, 69.0, 0, 54.39478332368086, 5, 21, 1, 9, 5, 1, 0, 0]
[0, 3, 1, 97.5, 99, 99, -1, 35, 2, 9, 5, 0, 0, 0]
[0, 3, 2, 96.0, 90.7146157431864, 94.70395779819081, -1, 35, 0, 1, 0, 0, 0, 0]
[0, 3, 3, 94.5, 82.71763746124408, 91.22282484984174, -1, 35, 0, 2, 0, 0, 0, 0]
[0, 3, 4, 93.0, 75.10125240771652, 88.65265056855428, -1, 35, 1, 3, 0, 0, 0, 0]
[0, 3, 5, 91.5, 75.10125240771652, 88.65265056855428, -1, 35, 2, 3, 0, 0, 0, 0]
[0, 3, 6, 90.0, 69.34001540127501, 79.29334122272911, -1, 35, 0, 3, 1, 0, 0, 0]
[0, 3, 7, 88.5, 69.34001540127501, 79.29334122272911, -1, 35, 2, 3, 1, 0, 0, 0]
[0, 3, 8, 87.0, 69.34001540127501, 79.29334122272911, -1, 35, 2, 3, 1, 0, 0, 0]
[0, 3, 9, 85.5, 64.5042780503158, 70.0035713374682, -1, 35, 0, 3, 2, 0, 0, 0]
[0, 3, 10, 84.0, 56.06885928153056, 67.99347915460106, -1, 34, 1, 4, 2, 0, 0, 0]
[0, 3, 11, 82.5, 48.07865018668458, 67.3101102613584, -1, 34, 1, 5, 2, 0, 0, 0]
[0, 3, 12, 81.0, 40.796087492760634, 67.99347915460106, -1, 34, 1, 6, 2, 0, 0, 0]
[0, 3, 13, 79.5, 34.670007700637505, 70.0035713374682, 5, 34, 1, 7, 2, 0, 0, 0]
[0, 3, 14, 78.0, 30.407608283280585, 73.23121821159823, 5, 33, 1, 8, 2, 0, 0, 0]
[0, 3, 15, 76.5, 21.501426016771934, 64.5042780503158, 5, 33, 1, 8, 3, 0, 0, 0]
[0, 3, 16, 75.0, 13.598695830920215, 56.06885928153056, 5, 30, 1, 8, 4, 0, 0, 0]
[0, 3, 17, 73.5, 9.615730037336915, 61.57071406268307, 5, 30, 1, 9, 4, 0, 0, 0]
[0, 3, 18, 72.0, 0, 54.39478332368086, 5, 30, 1, 9, 5, 1, 0, 0]
[0, 4, 1, 97.5, 90.7146157431864, 94.70395779819081, -1, 35, 0, 1, 0, 0, 0, 0]
[0, 4, 2, 96.0, 82.71763746124408, 91.22282484984174, -1, 35, 0, 2, 0, 0, 0, 0]
[0, 4, 3, 94.5, 75.10125240771652, 88.65265056855428, -1, 35, 1, 3, 0, 0, 0, 0]
[0, 4, 4, 93.0, 75.10125240771652, 88.65265056855428, -1, 35, 2, 3, 0, 0, 0, 0]
[0, 4, 5, 91.5, 69.34001540127501, 79.29334122272911, -1, 35, 0, 3, 1, 0, 0, 0]
[0, 4, 6, 90.0, 61.57071406268307, 77.52449399906664, -1, 35, 1, 4, 1, 0, 0, 0]
[0, 4, 7, 88.5, 56.06885928153056, 67.99347915460106, -1, 34, 1, 4, 2, 0, 0, 0]
[0, 4, 8, 87.0, 48.07865018668458, 67.3101102613584, -1, 34, 1, 5, 2, 0, 0, 0]
[0, 4, 9, 85.5, 48.07865018668458, 67.3101102613584, -1, 34, 2, 5, 2, 0, 0, 0]
[0, 4, 10, 84.0, 40.796087492760634, 67.99347915460106, -1, 34, 1, 6, 2, 0, 0, 0]
[0, 4, 11, 82.5, 34.670007700637505, 70.0035713374682, 5, 34, 1, 7, 2, 0, 0, 0]
[0, 4, 12, 81.0, 30.407608283280585, 73.23121821159823, 5, 33, 1, 8, 2, 0, 0, 0]
[0, 4, 13, 79.5, 21.501426016771934, 64.5042780503158, 5, 33, 1, 8, 3, 0, 0, 0]
[0, 4, 14, 78.0, 13.598695830920215, 56.06885928153056, 5, 30, 1, 8, 4, 0, 0, 0]
[0, 4, 15, 76.5, 9.615730037336915, 61.57071406268307, 5, 30, 1, 9, 4, 0, 0, 0]
[0, 4, 16, 75.0, 0, 54.39478332368086, 5, 30, 1, 9, 5, 1, 0, 0]
[0, 5, 1, 97.5, 90.7146157431864, 94.70395779819081, -1, 35, 0, 1, 0, 0, 0, 0]
[0, 5, 2, 96.0, 82.71763746124408, 91.22282484984174, -1, 35, 0, 2, 0, 0, 0, 0]
[0, 5, 3, 94.5, 75.10125240771652, 88.65265056855428, -1, 35, 0, 3, 0, 0, 0, 0]
[0, 5, 4, 93.0, 75.10125240771652, 88.65265056855428, -1, 35, 2, 3, 0, 0, 0, 0]
[0, 5, 5, 91.5, 67.99347915460106, 87.07413887244226, -1, 35, 1, 4, 0, 0, 0, 0]
[0, 5, 6, 90.0, 67.99347915460106, 87.07413887244226, -1, 35, 2, 4, 0, 0, 0, 0]
[0, 5, 7, 88.5, 67.99347915460106, 87.07413887244226, -1, 35, 2, 4, 0, 0, 0, 0]
[0, 5, 8, 87.0, 67.99347915460106, 87.07413887244226, -1, 35, 2, 4, 0, 0, 0, 0]
[0, 5, 9, 85.5, 67.99347915460106, 87.07413887244226, -1, 35, 2, 4, 0, 0, 0, 0]
[0, 5, 10, 84.0, 61.57071406268307, 86.54157033603224, -1, 35, 1, 5, 0, 0, 0, 0]
[0, 5, 11, 82.5, 67.99347915460106, 87.07413887244226, -1, 34, 1, 4, 0, 0, 0, 0]
[0, 5, 12, 81.0, 61.57071406268307, 86.54157033603224, -1, 35, 1, 5, 0, 0, 0, 0]
[0, 5, 13, 79.5, 67.99347915460106, 87.07413887244226, -1, 34, 1, 4, 0, 0, 0, 0]
[0, 5, 14, 78.0, 61.57071406268307, 86.54157033603224, -1, 35, 1, 5, 0, 0, 0, 0]
[0, 5, 15, 76.5, 67.99347915460106, 87.07413887244226, -1, 34, 1, 4, 0, 0, 0, 0]
[0, 5, 16, 75.0, 61.57071406268307, 86.54157033603224, -1, 35, 1, 5, 0, 0, 0, 0]
[0, 5, 17, 73.5, 67.99347915460106, 87.07413887244226, -1, 34, 1, 4, 0, 0, 0, 0]
[0, 5, 18, 72.0, 61.57071406268307, 86.54157033603224, -1, 35, 1, 5, 0, 0, 0, 0]
[0, 5, 19, 70.5, 67.99347915460106, 87.07413887244226, -1, 34, 1, 4, 0, 0, 0, 0]
[0, 5, 20, 69.0, 61.57071406268307, 86.54157033603224, -1, 26, 1, 5, 0, 0, 0, 0]
[0, 5, 21, 67.5, 67.99347915460106, 87.07413887244226, -1, 25, 1, 4, 0, 0, 0, 0]
[0, 5, 22, 66.0, 61.57071406268307, 86.54157033603224, -1, 26, 1, 5, 0, 0, 0, 0]
[0, 5, 23, 64.5, 67.99347915460106, 87.07413887244226, -1, 25, 1, 4, 0, 0, 0, 0]
[0, 5, 24, 63.0, 61.57071406268307, 86.54157033603224, -1, 26, 1, 5, 0, 0, 0, 0]
[0, 5, 25, 61.5, 67.99347915460106, 87.07413887244226, -1, 25, 1, 4, 0, 0, 0, 0]
[0, 5, 26, 60.0, 61.57071406268307, 86.54157033603224, -1, 26, 1, 5, 0, 0, 0, 0]
[0, 5, 27, 58.5, 67.99347915460106, 87.07413887244226, -1, 25, 1, 4, 0, 0, 0, 0]
[0, 5, 28, 57.0, 61.57071406268307, 86.54157033603224, -1, 26, 1, 5, 0, 0, 0, 0]
[0, 5, 29, 55.5, 67.99347915460106, 87.07413887244226, -1, 25, 1, 4, 0, 0, 0, 0]
[0, 5, 30, 54.0, 61.57071406268307, 86.54157033603224, -1, 26, 1, 5, 0, 0, 0, 0]
[0, 5, 31, 52.5, 67.99347915460106, 87.07413887244226, -1, 25, 1, 4, 0, 0, 0, 0]
[0, 5, 32, 51.0, 61.57071406268307, 86.54157033603224, -1, 26, 1, 5, 0, 0, 0, 0]
[0, 5, 33, 49.5, 67.99347915460106, 87.07413887244226, -1, 16, 1, 4, 0, 0, 0, 0]
[0, 5, 34, 48.0, 61.57071406268307, 77.52449399906664, -1, 17, 0, 4, 1, 0, 0, 0]
[0, 5, 35, 46.5, 56.06885928153056, 67.99347915460106, -1, 16, 1, 4, 2, 0, 0, 0]
[0, 5, 36, 45.0, 48.07865018668458, 67.3101102613584, -1, 16, 1, 5, 2, 0, 0, 0]
[0, 5, 37, 43.5, 40.796087492760634, 67.99347915460106, -1, 16, 1, 6, 2, 0, 0, 0]
[0, 5, 38, 42.0, 34.670007700637505, 70.0035713374682, 5, 16, 1, 7, 2, 0, 0, 0]
[0, 5, 39, 40.5, 40.796087492760634, 67.99347915460106, -1, 15, 0, 6, 2, 0, 0, 0]
[0, 5, 40, 38.5, 34.670007700637505, 70.0035713374682, 5, 16, 1, 7, 2, 0, 0, 0]
[0, 5, 41, 36.0, 30.407608283280585, 73.23121821159823, 5, 15, 1, 8, 2, 0, 0, 0]
[0, 5, 42, 33.5, 21.501426016771934, 64.5042780503158, 5, 15, 1, 8, 3, 0, 0, 0]
[0, 5, 43, 31.0, 13.598695830920215, 56.06885928153056, 5, 12, 1, 8, 4, 0, 0, 0]
[0, 5, 44, 28.5, 9.615730037336915, 61.57071406268307, 5, 3, 1, 9, 4, 0, 0, 0]
[0, 5, 45, 26.0, 0, 54.39478332368086, 5, 3, 1, 9, 5, 1, 0, 0]
[0, 6, 1, 97.5, 90.7146157431864, 94.70395779819081, -1, 35, 0, 1, 0, 0, 0, 0]
[0, 6, 2, 96.0, 90.7146157431864, 94.70395779819081, -1, 35, 2, 1, 0, 0, 0, 0]
[0, 6, 3, 94.5, 82.71763746124408, 91.22282484984174, -1, 35, 0, 2, 0, 0, 0, 0]
[0, 6, 4, 93.0, 75.10125240771652, 88.65265056855428, -1, 35, 0, 3, 0, 0, 0, 0]
[0, 6, 5, 91.5, 75.10125240771652, 88.65265056855428, -1, 35, 2, 3, 0, 0, 0, 0]
[0, 6, 6, 90.0, 67.99347915460106, 87.07413887244226, -1, 35, 0, 4, 0, 0, 0, 0]
[0, 6, 7, 88.5, 61.57071406268307, 86.54157033603224, -1, 35, 1, 5, 0, 0, 0, 0]
[0, 6, 8, 87.0, 67.99347915460106, 87.07413887244226, -1, 34, 0, 4, 0, 0, 0, 0]
[0, 6, 9, 85.5, 61.57071406268307, 77.52449399906664, -1, 35, 0, 4, 1, 0, 0, 0]
[0, 6, 10, 84.0, 56.06885928153056, 67.99347915460106, -1, 34, 1, 4, 2, 0, 0, 0]
[0, 6, 11, 82.5, 48.07865018668458, 67.3101102613584, -1, 34, 1, 5, 2, 0, 0, 0]
[0, 6, 12, 81.0, 40.796087492760634, 67.99347915460106, -1, 34, 1, 6, 2, 0, 0, 0]
[0, 6, 13, 79.5, 34.670007700637505, 70.0035713374682, 5, 34, 1, 7, 2, 0, 0, 0]
[0, 6, 14, 78.0, 30.407608283280585, 73.23121821159823, 5, 33, 1, 8, 2, 0, 0, 0]
[0, 6, 15, 76.5, 21.501426016771934, 64.5042780503158, 5, 33, 1, 8, 3, 0, 0, 0]
[0, 6, 16, 75.0, 13.598695830920215, 56.06885928153056, 5, 30, 1, 8, 4, 0, 0, 0]
[0, 6, 17, 73.5, 9.615730037336915, 61.57071406268307, 5, 30, 1, 9, 4, 0, 0, 0]
[0, 6, 18, 72.0, 0, 54.39478332368086, 5, 30, 1, 9, 5, 1, 0, 0]
[0, 7, 1, 97.5, 90.7146157431864, 94.70395779819081, -1, 35, 1, 1, 0, 0, 0, 0]
[0, 7, 2, 96.0, 90.7146157431864, 94.70395779819081, -1, 35, 2, 1, 0, 0, 0, 0]
[0, 7, 3, 94.5, 82.71763746124408, 91.22282484984174, -1, 35, 1, 2, 0, 0, 0, 0]
[0, 7, 4, 93.0, 75.10125240771652, 88.65265056855428, -1, 35, 1, 3, 0, 0, 0, 0]
[0, 7, 5, 91.5, 69.34001540127501, 79.29334122272911, -1, 35, 0, 3, 1, 0, 0, 0]
[0, 7, 6, 90.0, 61.57071406268307, 77.52449399906664, -1, 35, 1, 4, 1, 0, 0, 0]
[0, 7, 7, 88.5, 56.06885928153056, 67.99347915460106, -1, 34, 1, 4, 2, 0, 0, 0]
[0, 7, 8, 87.0, 51.7822909919729, 58.490202372576086, -1, 34, 0, 4, 3, 0, 0, 0]
[0, 7, 9, 85.5, 49.030795097821205, 49.030795097821205, -1, 31, 0, 4, 4, 0, 0, 0]
[0, 7, 10, 84.0, 39.646670611364556, 48.07865018668458, -1, 31, 1, 5, 4, 0, 0, 0]
[0, 7, 11, 82.5, 38.46292014934766, 38.46292014934766, -1, 31, 1, 5, 5, 0, 0, 0]
[0, 7, 12, 81.0, 39.646670611364556, 48.07865018668458, -1, 31, 1, 5, 4, 0, 0, 0]
[0, 7, 13, 79.5, 38.46292014934766, 38.46292014934766, -1, 31, 1, 5, 5, 0, 0, 0]
[0, 7, 14, 78.0, 39.646670611364556, 48.07865018668458, -1, 31, 1, 5, 4, 0, 0, 0]
[0, 7, 15, 76.5, 38.46292014934766, 38.46292014934766, -1, 31, 1, 5, 5, 0, 0, 0]
[0, 7, 16, 75.0, 39.646670611364556, 48.07865018668458, -1, 31, 1, 5, 4, 0, 0, 0]
[0, 7, 17, 73.5, 38.46292014934766, 38.46292014934766, -1, 31, 1, 5, 5, 0, 0, 0]
[0, 7, 18, 72.0, 39.646670611364556, 48.07865018668458, -1, 31, 1, 5, 4, 0, 0, 0]
[0, 7, 19, 70.5, 38.46292014934766, 38.46292014934766, -1, 31, 1, 5, 5, 0, 0, 0]
[0, 7, 20, 69.0, 39.646670611364556, 28.847190112010743, 10, 22, 0, 5, 6, 0, 0, 0]
[0, 7, 21, 67.5, 43.00285203354387, 19.23146007467383, 10, 19, 0, 5, 7, 0, 0, 0]
[0, 7, 22, 66.0, 34.670007700637505, 21.501426016771934, 10, 19, 0, 6, 7, 0, 0, 0]
[0, 7, 23, 64.5, 43.00285203354387, 19.23146007467383, 10, 18, 0, 5, 7, 0, 0, 0]
[0, 7, 24, 63.0, 34.670007700637505, 21.501426016771934, 10, 19, 0, 6, 7, 0, 0, 0]
[0, 7, 25, 61.5, 43.00285203354387, 19.23146007467383, 10, 18, 0, 5, 7, 0, 0, 0]
[0, 7, 26, 60.0, 34.670007700637505, 21.501426016771934, 10, 19, 0, 6, 7, 0, 0, 0]
[0, 7, 27, 58.5, 43.00285203354387, 19.23146007467383, 10, 18, 0, 5, 7, 0, 0, 0]
[0, 7, 28, 57.0, 34.670007700637505, 21.501426016771934, 10, 19, 0, 6, 7, 0, 0, 0]
[0, 7, 29, 55.5, 43.00285203354387, 19.23146007467383, 10, 18, 0, 5, 7, 0, 0, 0]
[0, 7, 30, 54.0, 34.670007700637505, 21.501426016771934, 10, 19, 0, 6, 7, 0, 0, 0]
[0, 7, 31, 52.5, 43.00285203354387, 19.23146007467383, 10, 18, 0, 5, 7, 0, 0, 0]
[0, 7, 32, 51.0, 34.670007700637505, 21.501426016771934, 10, 19, 0, 6, 7, 0, 0, 0]
[0, 7, 33, 49.5, 43.00285203354387, 19.23146007467383, 10, 9, 0, 5, 7, 0, 0, 0]
[0, 7, 34, 48.0, 34.670007700637505, 21.501426016771934, 10, 10, 0, 6, 7, 0, 0, 0]
[0, 7, 35, 46.5, 43.00285203354387, 19.23146007467383, 10, 9, 0, 5, 7, 0, 0, 0]
[0, 7, 36, 45.0, 34.670007700637505, 21.501426016771934, 10, 10, 0, 6, 7, 0, 0, 0]
[0, 7, 37, 43.5, 43.00285203354387, 19.23146007467383, 10, 9, 0, 5, 7, 0, 0, 0]
[0, 7, 38, 42.0, 34.670007700637505, 21.501426016771934, 10, 10, 0, 6, 7, 0, 0, 0]
[0, 7, 39, 40.5, 43.00285203354387, 19.23146007467383, 10, 9, 0, 5, 7, 0, 0, 0]
[0, 7, 40, 38.5, 34.670007700637505, 21.501426016771934, 10, 10, 0, 6, 7, 0, 0, 0]
[0, 7, 41, 36.0, 43.00285203354387, 19.23146007467383, 10, 9, 0, 5, 7, 0, 0, 0]
[0, 7, 42, 33.5, 34.670007700637505, 21.501426016771934, 10, 10, 0, 6, 7, 0, 0, 0]
[0, 7, 43, 31.0, 43.00285203354387, 19.23146007467383, 10, 9, 0, 5, 7, 0, 0, 0]
[0, 7, 44, 28.5, 34.670007700637505, 21.501426016771934, 10, 1, 0, 6, 7, 0, 0, 0]
[0, 7, 45, 26.0, 43.00285203354387, 19.23146007467383, 10, 0, 0, 5, 7, 0, 0, 0]
[0, 7, 46, 23.5, 34.670007700637505, 21.501426016771934, 10, 1, 0, 6, 7, 0, 0, 0]
[0, 7, 47, 21.0, 43.00285203354387, 19.23146007467383, 10, 0, 0, 5, 7, 0, 0, 0]
[0, 7, 48, 18.5, 34.670007700637505, 21.501426016771934, 10, 1, 0, 6, 7, 0, 0, 0]
[0, 7, 49, 16.0, 43.00285203354387, 19.23146007467383, 10, 0, 0, 5, 7, 0, 0, 0]
[0, 7, 50, 13.5, 34.670007700637505, 21.501426016771934, 10, 1, 0, 6, 7, 0, 0, 0]
[0, 7, 51, 11.0, 43.00285203354387, 19.23146007467383, 10, 0, 0, 5, 7, 0, 0, 0]
[0, 7, 52, 8.5, 34.670007700637505, 21.501426016771934, 10, 1, 0, 6, 7, 0, 0, 0]
[0, 8, 1, 97.5, 90.7146157431864, 94.70395779819081, -1, 35, 1, 1, 0, 0, 0, 0]
[0, 8, 2, 96.0, 90.7146157431864, 94.70395779819081, -1, 35, 2, 1, 0, 0, 0, 0]
[0, 8, 3, 94.5, 86.00570406708773, 86.00570406708773, -1, 35, 0, 1, 1, 0, 0, 0]
[0, 8, 4, 93.0, 77.52449399906664, 82.15683345296888, -1, 35, 0, 2, 1, 0, 0, 0]
[0, 8, 5, 91.5, 69.34001540127501, 79.29334122272911, -1, 35, 1, 3, 1, 0, 0, 0]
[0, 8, 6, 90.0, 64.5042780503158, 70.0035713374682, -1, 35, 0, 3, 2, 0, 0, 0]
[0, 8, 7, 88.5, 56.06885928153056, 67.99347915460106, -1, 34, 1, 4, 2, 0, 0, 0]
[0, 8, 8, 87.0, 56.06885928153056, 67.99347915460106, -1, 34, 2, 4, 2, 0, 0, 0]
[0, 8, 9, 85.5, 51.7822909919729, 58.490202372576086, -1, 34, 0, 4, 3, 0, 0, 0]
[0, 8, 10, 84.0, 49.030795097821205, 49.030795097821205, -1, 31, 1, 4, 4, 0, 0, 0]
[0, 8, 11, 82.5, 39.646670611364556, 48.07865018668458, -1, 31, 1, 5, 4, 0, 0, 0]
[0, 8, 12, 81.0, 38.46292014934766, 38.46292014934766, -1, 31, 1, 5, 5, 0, 0, 0]
[0, 8, 13, 79.5, 39.646670611364556, 48.07865018668458, -1, 31, 1, 5, 4, 0, 0, 0]
[0, 8, 14, 78.0, 38.46292014934766, 38.46292014934766, -1, 31, 1, 5, 5, 0, 0, 0]
[0, 8, 15, 76.5, 39.646670611364556, 48.07865018668458, -1, 31, 1, 5, 4, 0, 0, 0]
[0, 8, 16, 75.0, 38.46292014934766, 38.46292014934766, -1, 31, 1, 5, 5, 0, 0, 0]
[0, 8, 17, 73.5, 39.646670611364556, 48.07865018668458, -1, 31, 1, 5, 4, 0, 0, 0]
[0, 8, 18, 72.0, 38.46292014934766, 38.46292014934766, -1, 31, 1, 5, 5, 0, 0, 0]
[0, 8, 19, 70.5, 39.646670611364556, 48.07865018668458, -1, 31, 1, 5, 4, 0, 0, 0]
[0, 8, 20, 69.0, 38.46292014934766, 38.46292014934766, -1, 22, 0, 5, 5, 0, 0, 0]
[0, 8, 21, 67.5, 39.646670611364556, 48.07865018668458, -1, 22, 1, 5, 4, 0, 0, 0]
[0, 8, 22, 66.0, 38.46292014934766, 38.46292014934766, -1, 22, 1, 5, 5, 0, 0, 0]
[0, 8, 23, 64.5, 39.646670611364556, 48.07865018668458, -1, 22, 1, 5, 4, 0, 0, 0]
[0, 8, 24, 63.0, 38.46292014934766, 38.46292014934766, -1, 22, 1, 5, 5, 0, 0, 0]
[0, 8, 25, 61.5, 39.646670611364556, 48.07865018668458, -1, 22, 1, 5, 4, 0, 0, 0]
[0, 8, 26, 60.0, 38.46292014934766, 38.46292014934766, -1, 22, 1, 5, 5, 0, 0, 0]
[0, 8, 27, 58.5, 39.646670611364556, 48.07865018668458, -1, 22, 1, 5, 4, 0, 0, 0]
[0, 8, 28, 57.0, 38.46292014934766, 38.46292014934766, -1, 22, 1, 5, 5, 0, 0, 0]
[0, 8, 29, 55.5, 39.646670611364556, 48.07865018668458, -1, 22, 1, 5, 4, 0, 0, 0]
[0, 8, 30, 54.0, 38.46292014934766, 38.46292014934766, -1, 22, 1, 5, 5, 0, 0, 0]
[0, 8, 31, 52.5, 39.646670611364556, 48.07865018668458, -1, 22, 1, 5, 4, 0, 0, 0]
[0, 8, 32, 51.0, 38.46292014934766, 38.46292014934766, -1, 22, 1, 5, 5, 0, 0, 0]
[0, 8, 33, 49.5, 39.646670611364556, 48.07865018668458, -1, 13, 1, 5, 4, 0, 0, 0]
[0, 8, 34, 48.0, 38.46292014934766, 38.46292014934766, -1, 13, 1, 5, 5, 0, 0, 0]
[0, 8, 35, 46.5, 39.646670611364556, 48.07865018668458, -1, 13, 1, 5, 4, 0, 0, 0]
[0, 8, 36, 45.0, 38.46292014934766, 38.46292014934766, -1, 13, 1, 5, 5, 0, 0, 0]
[0, 8, 37, 43.5, 39.646670611364556, 48.07865018668458, -1, 13, 1, 5, 4, 0, 0, 0]
[0, 8, 38, 42.0, 38.46292014934766, 38.46292014934766, -1, 13, 1, 5, 5, 0, 0, 0]
[0, 8, 39, 40.5, 39.646670611364556, 48.07865018668458, -1, 13, 1, 5, 4, 0, 0, 0]
[0, 8, 40, 38.5, 38.46292014934766, 38.46292014934766, -1, 13, 1, 5, 5, 0, 0, 0]
[0, 8, 41, 36.0, 39.646670611364556, 48.07865018668458, -1, 13, 1, 5, 4, 0, 0, 0]
[0, 8, 42, 33.5, 38.46292014934766, 38.46292014934766, -1, 13, 1, 5, 5, 0, 0, 0]
[0, 8, 43, 31.0, 39.646670611364556, 48.07865018668458, -1, 13, 1, 5, 4, 0, 0, 0]
[0, 8, 44, 28.5, 38.46292014934766, 38.46292014934766, -1, 4, 0, 5, 5, 0, 0, 0]
[0, 8, 45, 26.0, 39.646670611364556, 48.07865018668458, -1, 4, 1, 5, 4, 0, 0, 0]
[0, 8, 46, 23.5, 38.46292014934766, 38.46292014934766, -1, 4, 1, 5, 5, 0, 0, 0]
[0, 8, 47, 21.0, 39.646670611364556, 48.07865018668458, -1, 4, 1, 5, 4, 0, 0, 0]
[0, 8, 48, 18.5, 38.46292014934766, 38.46292014934766, -1, 4, 1, 5, 5, 0, 0, 0]
[0, 8, 49, 16.0, 39.646670611364556, 48.07865018668458, -1, 4, 1, 5, 4, 0, 0, 0]
[0, 8, 50, 13.5, 38.46292014934766, 38.46292014934766, -1, 4, 1, 5, 5, 0, 0, 0]
[0, 8, 51, 11.0, 39.646670611364556, 48.07865018668458, -1, 4, 1, 5, 4, 0, 0, 0]
[0, 8, 52, 8.5, 38.46292014934766, 38.46292014934766, -1, 4, 1, 5, 5, 0, 0, 0]
[0, 9, 1, 97.5, 99, 99, -1, 35, 2, 5, 5, 0, 0, 0]
[0, 9, 2, 96.0, 90.7146157431864, 94.70395779819081, -1, 35, 0, 1, 0, 0, 0, 0]
[0, 9, 3, 94.5, 90.7146157431864, 94.70395779819081, -1, 35, 2, 1, 0, 0, 0, 0]
[0, 9, 4, 93.0, 82.71763746124408, 91.22282484984174, -1, 35, 1, 2, 0, 0, 0, 0]
[0, 9, 5, 91.5, 77.52449399906664, 82.15683345296888, -1, 35, 0, 2, 1, 0, 0, 0]
[0, 9, 6, 90.0, 77.52449399906664, 82.15683345296888, -1, 35, 2, 2, 1, 0, 0, 0]
[0, 9, 7, 88.5, 77.52449399906664, 82.15683345296888, -1, 35, 2, 2, 1, 0, 0, 0]
[0, 9, 8, 87.0, 73.23121821159823, 73.23121821159823, -1, 35, 0, 2, 2, 0, 0, 0]
[0, 9, 9, 85.5, 64.5042780503158, 70.0035713374682, -1, 35, 1, 3, 2, 0, 0, 0]
[0, 9, 10, 84.0, 56.06885928153056, 67.99347915460106, -1, 34, 1, 4, 2, 0, 0, 0]
[0, 9, 11, 82.5, 48.07865018668458, 67.3101102613584, -1, 34, 1, 5, 2, 0, 0, 0]
[0, 9, 12, 81.0, 40.796087492760634, 67.99347915460106, -1, 34, 1, 6, 2, 0, 0, 0]
[0, 9, 13, 79.5, 34.670007700637505, 70.0035713374682, 5, 34, 1, 7, 2, 0, 0, 0]
[0, 9, 14, 78.0, 30.407608283280585, 73.23121821159823, 5, 33, 1, 8, 2, 0, 0, 0]
[0, 9, 15, 76.5, 21.501426016771934, 64.5042780503158, 5, 33, 1, 8, 3, 0, 0, 0]
[0, 9, 16, 75.0, 13.598695830920215, 56.06885928153056, 5, 30, 1, 8, 4, 0, 0, 0]
[0, 9, 17, 73.5, 9.615730037336915, 61.57071406268307, 5, 30, 1, 9, 4, 0, 0, 0]
[0, 9, 18, 72.0, 0, 54.39478332368086, 5, 30, 1, 9, 5, 1, 0, 0]
[0, 10, 1, 97.5, 99, 99, -1, 35, 2, 9, 5, 0, 0, 0]
[0, 10, 2, 96.0, 99, 99, -1, 35, 2, 9, 5, 0, 0, 0]
[0, 10, 3, 94.5, 99, 99, -1, 35, 2, 9, 5, 0, 0, 0]
[0, 10, 4, 93.0, 99, 99, -1, 35, 2, 9, 5, 0, 0, 0]
[0, 10, 5, 91.5, 90.7146157431864, 94.70395779819081, -1, 35, 1, 1, 0, 0, 0, 0]
[0, 10, 6, 90.0, 86.00570406708773, 86.00570406708773, -1, 35, 0, 1, 1, 0, 0, 0]
[0, 10, 7, 88.5, 77.52449399906664, 82.15683345296888, -1, 35, 1, 2, 1, 0, 0, 0]
[0, 10, 8, 87.0, 73.23121821159823, 73.23121821159823, -1, 35, 0, 2, 2, 0, 0, 0]
[0, 10, 9, 85.5, 70.0035713374682, 64.5042780503158, -1, 35, 0, 2, 3, 0, 0, 0]
[0, 10, 10, 84.0, 60.81521656656117, 60.81521656656117, -1, 32, 1, 3, 3, 0, 0, 0]
[0, 10, 11, 82.5, 51.7822909919729, 58.490202372576086, -1, 31, 1, 4, 3, 0, 0, 0]
[0, 10, 12, 81.0, 49.030795097821205, 49.030795097821205, -1, 31, 1, 4, 4, 0, 0, 0]
[0, 10, 13, 79.5, 39.646670611364556, 48.07865018668458, -1, 31, 1, 5, 4, 0, 0, 0]
[0, 10, 14, 78.0, 38.46292014934766, 38.46292014934766, -1, 31, 1, 5, 5, 0, 0, 0]
[0, 10, 15, 76.5, 39.646670611364556, 48.07865018668458, -1, 31, 1, 5, 4, 0, 0, 0]
[0, 10, 16, 75.0, 38.46292014934766, 38.46292014934766, -1, 31, 1, 5, 5, 0, 0, 0]
[0, 10, 17, 73.5, 39.646670611364556, 48.07865018668458, -1, 31, 1, 5, 4, 0, 0, 0]
[0, 10, 18, 72.0, 38.46292014934766, 38.46292014934766, -1, 31, 1, 5, 5, 0, 0, 0]
[0, 10, 19, 70.5, 39.646670611364556, 48.07865018668458, -1, 31, 1, 5, 4, 0, 0, 0]
[0, 10, 20, 69.0, 38.46292014934766, 38.46292014934766, -1, 22, 1, 5, 5, 0, 0, 0]
[0, 10, 21, 67.5, 39.646670611364556, 48.07865018668458, -1, 22, 1, 5, 4, 0, 0, 0]
[0, 10, 22, 66.0, 38.46292014934766, 38.46292014934766, -1, 22, 1, 5, 5, 0, 0, 0]
[0, 10, 23, 64.5, 39.646670611364556, 48.07865018668458, -1, 22, 1, 5, 4, 0, 0, 0]
[0, 10, 24, 63.0, 38.46292014934766, 38.46292014934766, -1, 22, 1, 5, 5, 0, 0, 0]
[0, 10, 25, 61.5, 39.646670611364556, 48.07865018668458, -1, 22, 1, 5, 4, 0, 0, 0]
[0, 10, 26, 60.0, 38.46292014934766, 38.46292014934766, -1, 22, 1, 5, 5, 0, 0, 0]
[0, 10, 27, 58.5, 39.646670611364556, 48.07865018668458, -1, 22, 1, 5, 4, 0, 0, 0]
[0, 10, 28, 57.0, 38.46292014934766, 38.46292014934766, -1, 22, 1, 5, 5, 0, 0, 0]
[0, 10, 29, 55.5, 39.646670611364556, 48.07865018668458, -1, 22, 1, 5, 4, 0, 0, 0]
[0, 10, 30, 54.0, 38.46292014934766, 38.46292014934766, -1, 22, 1, 5, 5, 0, 0, 0]
[0, 10, 31, 52.5, 39.646670611364556, 48.07865018668458, -1, 22, 1, 5, 4, 0, 0, 0]
[0, 10, 32, 51.0, 38.46292014934766, 38.46292014934766, -1, 22, 1, 5, 5, 0, 0, 0]
[0, 10, 33, 49.5, 39.646670611364556, 48.07865018668458, -1, 13, 1, 5, 4, 0, 0, 0]
[0, 10, 34, 48.0, 38.46292014934766, 38.46292014934766, -1, 13, 1, 5, 5, 0, 0, 0]
[0, 10, 35, 46.5, 39.646670611364556, 48.07865018668458, -1, 13, 1, 5, 4, 0, 0, 0]
[0, 10, 36, 45.0, 38.46292014934766, 38.46292014934766, -1, 13, 1, 5, 5, 0, 0, 0]
[0, 10, 37, 43.5, 39.646670611364556, 48.07865018668458, -1, 13, 1, 5, 4, 0, 0, 0]
[0, 10, 38, 42.0, 38.46292014934766, 38.46292014934766, -1, 13, 1, 5, 5, 0, 0, 0]
[0, 10, 39, 40.5, 39.646670611364556, 48.07865018668458, -1, 13, 1, 5, 4, 0, 0, 0]
[0, 10, 40, 38.5, 38.46292014934766, 38.46292014934766, -1, 13, 1, 5, 5, 0, 0, 0]
[0, 10, 41, 36.0, 39.646670611364556, 48.07865018668458, -1, 13, 1, 5, 4, 0, 0, 0]
[0, 10, 42, 33.5, 38.46292014934766, 38.46292014934766, -1, 13, 1, 5, 5, 0, 0, 0]
[0, 10, 43, 31.0, 39.646670611364556, 48.07865018668458, -1, 13, 1, 5, 4, 0, 0, 0]
[0, 10, 44, 28.5, 38.46292014934766, 38.46292014934766, -1, 4, 1, 5, 5, 0, 0, 0]
[0, 10, 45, 26.0, 39.646670611364556, 48.07865018668458, -1, 4, 1, 5, 4, 0, 0, 0]
[0, 10, 46, 23.5, 38.46292014934766, 38.46292014934766, -1, 4, 1, 5, 5, 0, 0, 0]
[0, 10, 47, 21.0, 39.646670611364556, 48.07865018668458, -1, 4, 1, 5, 4, 0, 0, 0]
[0, 10, 48, 18.5, 38.46292014934766, 38.46292014934766, -1, 4, 1, 5, 5, 0, 0, 0]
[0, 10, 49, 16.0, 39.646670611364556, 48.07865018668458, -1, 4, 1, 5, 4, 0, 0, 0]
[0, 10, 50, 13.5, 38.46292014934766, 38.46292014934766, -1, 4, 1, 5, 5, 0, 0, 0]
[0, 10, 51, 11.0, 39.646670611364556, 48.07865018668458, -1, 4, 1, 5, 4, 0, 0, 0]
[0, 10, 52, 8.5, 38.46292014934766, 38.46292014934766, -1, 4, 1, 5, 5, 0, 0, 0]
[0, 11, 1, 97.5, 99, 99, -1, 35, 2, 5, 5, 0, 0, 0]
[0, 11, 2, 96.0, 99, 99, -1, 35, 2, 5, 5, 0, 0, 0]
[0, 11, 3, 94.5, 90.7146157431864, 94.70395779819081, -1, 35, 1, 1, 0, 0, 0, 0]
[0, 11, 4, 93.0, 82.71763746124408, 91.22282484984174, -1, 35, 1, 2, 0, 0, 0, 0]
[0, 11, 5, 91.5, 82.71763746124408, 91.22282484984174, -1, 35, 2, 2, 0, 0, 0, 0]
[0, 11, 6, 90.0, 82.71763746124408, 91.22282484984174, -1, 35, 2, 2, 0, 0, 0, 0]
[0, 11, 7, 88.5, 75.10125240771652, 88.65265056855428, -1, 35, 1, 3, 0, 0, 0, 0]
[0, 11, 8, 87.0, 69.34001540127501, 79.29334122272911, -1, 35, 0, 3, 1, 0, 0, 0]
[0, 11, 9, 85.5, 69.34001540127501, 79.29334122272911, -1, 35, 2, 3, 1, 0, 0, 0]
[0, 11, 10, 84.0, 61.57071406268307, 77.52449399906664, -1, 35, 1, 4, 1, 0, 0, 0]
[0, 11, 11, 82.5, 56.06885928153056, 67.99347915460106, -1, 34, 1, 4, 2, 0, 0, 0]
[0, 11, 12, 81.0, 48.07865018668458, 67.3101102613584, -1, 34, 1, 5, 2, 0, 0, 0]
[0, 11, 13, 79.5, 40.796087492760634, 67.99347915460106, -1, 34, 1, 6, 2, 0, 0, 0]
[0, 11, 14, 78.0, 34.670007700637505, 70.0035713374682, 5, 34, 1, 7, 2, 0, 0, 0]
[0, 11, 15, 76.5, 30.407608283280585, 73.23121821159823, 5, 33, 1, 8, 2, 0, 0, 0]
[0, 11, 16, 75.0, 21.501426016771934, 64.5042780503158, 5, 33, 1, 8, 3, 0, 0, 0]
[0, 11, 17, 73.5, 13.598695830920215, 56.06885928153056, 5, 30, 1, 8, 4, 0, 0, 0]
[0, 11, 18, 72.0, 9.615730037336915, 61.57071406268307, 5, 30, 1, 9, 4, 0, 0, 0]
[0, 11, 19, 70.5, 0, 54.39478332368086, 5, 30, 1, 9, 5, 1, 0, 0]
[0, 12, 1, 97.5, 90.7146157431864, 94.70395779819081, -1, 35, 1, 1, 0, 0, 0, 0]
[0, 12, 2, 96.0, 86.00570406708773, 86.00570406708773, -1, 35, 0, 1, 1, 0, 0, 0]
[0, 12, 3, 94.5, 77.52449399906664, 82.15683345296888, -1, 35, 0, 2, 1, 0, 0, 0]
[0, 12, 4, 93.0, 73.23121821159823, 73.23121821159823, -1, 35, 0, 2, 2, 0, 0, 0]
[0, 12, 5, 91.5, 73.23121821159823, 73.23121821159823, -1, 35, 2, 2, 2, 0, 0, 0]
[0, 12, 6, 90.0, 73.23121821159823, 73.23121821159823, -1, 35, 2, 2, 2, 0, 0, 0]
[0, 12, 7, 88.5, 70.0035713374682, 64.5042780503158, -1, 35, 0, 2, 3, 0, 0, 0]
[0, 12, 8, 87.0, 60.81521656656117, 60.81521656656117, -1, 32, 0, 3, 3, 0, 0, 0]
[0, 12, 9, 85.5, 58.490202372576086, 51.7822909919729, -1, 31, 0, 3, 4, 0, 0, 0]
[0, 12, 10, 84.0, 49.030795097821205, 49.030795097821205, -1, 31, 1, 4, 4, 0, 0, 0]
[0, 12, 11, 82.5, 39.646670611364556, 48.07865018668458, -1, 31, 1, 5, 4, 0, 0, 0]
[0, 12, 12, 81.0, 38.46292014934766, 38.46292014934766, -1, 31, 1, 5, 5, 0, 0, 0]
[0, 12, 13, 79.5, 39.646670611364556, 48.07865018668458, -1, 31, 1, 5, 4, 0, 0, 0]
[0, 12, 14, 78.0, 38.46292014934766, 38.46292014934766, -1, 31, 1, 5, 5, 0, 0, 0]
[0, 12, 15, 76.5, 39.646670611364556, 48.07865018668458, -1, 31, 1, 5, 4, 0, 0, 0]
[0, 12, 16, 75.0, 38.46292014934766, 38.46292014934766, -1, 31, 1, 5, 5, 0, 0, 0]
[0, 12, 17, 73.5, 39.646670611364556, 48.07865018668458, -1, 31, 1, 5, 4, 0, 0, 0]
[0, 12, 18, 72.0, 38.46292014934766, 38.46292014934766, -1, 31, 1, 5, 5, 0, 0, 0]
[0, 12, 19, 70.5, 39.646670611364556, 48.07865018668458, -1, 31, 1, 5, 4, 0, 0, 0]
[0, 12, 20, 69.0, 38.46292014934766, 38.46292014934766, -1, 22, 1, 5, 5, 0, 0, 0]
[0, 12, 21, 67.5, 39.646670611364556, 48.07865018668458, -1, 22, 1, 5, 4, 0, 0, 0]
[0, 12, 22, 66.0, 38.46292014934766, 38.46292014934766, -1, 22, 1, 5, 5, 0, 0, 0]
[0, 12, 23, 64.5, 39.646670611364556, 48.07865018668458, -1, 22, 1, 5, 4, 0, 0, 0]
[0, 12, 24, 63.0, 38.46292014934766, 38.46292014934766, -1, 22, 1, 5, 5, 0, 0, 0]
[0, 12, 25, 61.5, 39.646670611364556, 48.07865018668458, -1, 22, 1, 5, 4, 0, 0, 0]
[0, 12, 26, 60.0, 38.46292014934766, 38.46292014934766, -1, 22, 1, 5, 5, 0, 0, 0]
[0, 12, 27, 58.5, 39.646670611364556, 48.07865018668458, -1, 22, 1, 5, 4, 0, 0, 0]
[0, 12, 28, 57.0, 38.46292014934766, 38.46292014934766, -1, 22, 1, 5, 5, 0, 0, 0]
[0, 12, 29, 55.5, 39.646670611364556, 48.07865018668458, -1, 22, 1, 5, 4, 0, 0, 0]
[0, 12, 30, 54.0, 38.46292014934766, 38.46292014934766, -1, 22, 1, 5, 5, 0, 0, 0]
[0, 12, 31, 52.5, 39.646670611364556, 48.07865018668458, -1, 22, 1, 5, 4, 0, 0, 0]
[0, 12, 32, 51.0, 38.46292014934766, 38.46292014934766, -1, 22, 1, 5, 5, 0, 0, 0]
[0, 12, 33, 49.5, 39.646670611364556, 48.07865018668458, -1, 13, 1, 5, 4, 0, 0, 0]
[0, 12, 34, 48.0, 38.46292014934766, 38.46292014934766, -1, 13, 1, 5, 5, 0, 0, 0]
[0, 12, 35, 46.5, 39.646670611364556, 48.07865018668458, -1, 13, 1, 5, 4, 0, 0, 0]
[0, 12, 36, 45.0, 38.46292014934766, 38.46292014934766, -1, 13, 1, 5, 5, 0, 0, 0]
[0, 12, 37, 43.5, 39.646670611364556, 48.07865018668458, -1, 13, 1, 5, 4, 0, 0, 0]
[0, 12, 38, 42.0, 38.46292014934766, 38.46292014934766, -1, 13, 1, 5, 5, 0, 0, 0]
[0, 12, 39, 40.5, 39.646670611364556, 48.07865018668458, -1, 13, 1, 5, 4, 0, 0, 0]
[0, 12, 40, 38.5, 38.46292014934766, 38.46292014934766, -1, 13, 1, 5, 5, 0, 0, 0]
[0, 12, 41, 36.0, 39.646670611364556, 48.07865018668458, -1, 13, 1, 5, 4, 0, 0, 0]
[0, 12, 42, 33.5, 38.46292014934766, 38.46292014934766, -1, 13, 1, 5, 5, 0, 0, 0]
[0, 12, 43, 31.0, 39.646670611364556, 48.07865018668458, -1, 13, 1, 5, 4, 0, 0, 0]
[0, 12, 44, 28.5, 38.46292014934766, 38.46292014934766, -1, 4, 1, 5, 5, 0, 0, 0]
[0, 12, 45, 26.0, 39.646670611364556, 48.07865018668458, -1, 4, 1, 5, 4, 0, 0, 0]
[0, 12, 46, 23.5, 38.46292014934766, 38.46292014934766, -1, 4, 1, 5, 5, 0, 0, 0]
[0, 12, 47, 21.0, 39.646670611364556, 48.07865018668458, -1, 4, 1, 5, 4, 0, 0, 0]
[0, 12, 48, 18.5, 38.46292014934766, 38.46292014934766, -1, 4, 1, 5, 5, 0, 0, 0]
[0, 12, 49, 16.0, 39.646670611364556, 48.07865018668458, -1, 4, 1, 5, 4, 0, 0, 0]
[0, 12, 50, 13.5, 38.46292014934766, 38.46292014934766, -1, 4, 1, 5, 5, 0, 0, 0]
[0, 12, 51, 11.0, 39.646670611364556, 48.07865018668458, -1, 4, 1, 5, 4, 0, 0, 0]
[0, 12, 52, 8.5, 38.46292014934766, 38.46292014934766, -1, 4, 1, 5, 5, 0, 0, 0]
[0, 13, 1, 97.5, 90.7146157431864, 94.70395779819081, -1, 35, 1, 1, 0, 0, 0, 0]
[0, 13, 2, 96.0, 90.7146157431864, 94.70395779819081, -1, 35, 2, 1, 0, 0, 0, 0]
[0, 13, 3, 94.5, 90.7146157431864, 94.70395779819081, -1, 35, 2, 1, 0, 0, 0, 0]
[0, 13, 4, 93.0, 90.7146157431864, 94.70395779819081, -1, 35, 2, 1, 0, 0, 0, 0]
[0, 13, 5, 91.5, 82.71763746124408, 91.22282484984174, -1, 35, 1, 2, 0, 0, 0, 0]
[0, 13, 6, 90.0, 82.71763746124408, 91.22282484984174, -1, 35, 2, 2, 0, 0, 0, 0]
[0, 13, 7, 88.5, 75.10125240771652, 88.65265056855428, -1, 35, 1, 3, 0, 0, 0, 0]
[0, 13, 8, 87.0, 75.10125240771652, 88.65265056855428, -1, 35, 2, 3, 0, 0, 0, 0]
[0, 13, 9, 85.5, 69.34001540127501, 79.29334122272911, -1, 35, 0, 3, 1, 0, 0, 0]
[0, 13, 10, 84.0, 61.57071406268307, 77.52449399906664, -1, 35, 1, 4, 1, 0, 0, 0]
[0, 13, 11, 82.5, 56.06885928153056, 67.99347915460106, -1, 34, 1, 4, 2, 0, 0, 0]
[0, 13, 12, 81.0, 48.07865018668458, 67.3101102613584, -1, 34, 1, 5, 2, 0, 0, 0]
[0, 13, 13, 79.5, 40.796087492760634, 67.99347915460106, -1, 34, 1, 6, 2, 0, 0, 0]
[0, 13, 14, 78.0, 34.670007700637505, 70.0035713374682, 5, 34, 1, 7, 2, 0, 0, 0]
[0, 13, 15, 76.5, 30.407608283280585, 73.23121821159823, 5, 33, 1, 8, 2, 0, 0, 0]
[0, 13, 16, 75.0, 21.501426016771934, 64.5042780503158, 5, 33, 1, 8, 3, 0, 0, 0]
[0, 13, 17, 73.5, 13.598695830920215, 56.06885928153056, 5, 30, 1, 8, 4, 0, 0, 0]
[0, 13, 18, 72.0, 9.615730037336915, 61.57071406268307, 5, 30, 1, 9, 4, 0, 0, 0]
[0, 13, 19, 70.5, 0, 54.39478332368086, 5, 30, 1, 9, 5, 1, 0, 0]
[0, 14, 1, 97.5, 90.7146157431864, 94.70395779819081, -1, 35, 1, 1, 0, 0, 0, 0]
[0, 14, 2, 96.0, 86.00570406708773, 86.00570406708773, -1, 35, 0, 1, 1, 0, 0, 0]
[0, 14, 3, 94.5, 86.00570406708773, 86.00570406708773, -1, 35, 2, 1, 1, 0, 0, 0]
[0, 14, 4, 93.0, 86.00570406708773, 86.00570406708773, -1, 35, 2, 1, 1, 0, 0, 0]
[0, 14, 5, 91.5, 86.00570406708773, 86.00570406708773, -1, 35, 2, 1, 1, 0, 0, 0]
[0, 14, 6, 90.0, 77.52449399906664, 82.15683345296888, -1, 35, 0, 2, 1, 0, 0, 0]
[0, 14, 7, 88.5, 69.34001540127501, 79.29334122272911, -1, 35, 1, 3, 1, 0, 0, 0]
[0, 14, 8, 87.0, 64.5042780503158, 70.0035713374682, -1, 35, 0, 3, 2, 0, 0, 0]
[0, 14, 9, 85.5, 60.81521656656117, 60.81521656656117, -1, 34, 0, 3, 3, 0, 0, 0]
[0, 14, 10, 84.0, 51.7822909919729, 58.490202372576086, -1, 31, 1, 4, 3, 0, 0, 0]
[0, 14, 11, 82.5, 49.030795097821205, 49.030795097821205, -1, 31, 1, 4, 4, 0, 0, 0]
[0, 14, 12, 81.0, 39.646670611364556, 48.07865018668458, -1, 31, 1, 5, 4, 0, 0, 0]
[0, 14, 13, 79.5, 38.46292014934766, 38.46292014934766, -1, 31, 1, 5, 5, 0, 0, 0]
[0, 14, 14, 78.0, 39.646670611364556, 48.07865018668458, -1, 31, 1, 5, 4, 0, 0, 0]
[0, 14, 15, 76.5, 38.46292014934766, 38.46292014934766, -1, 31, 1, 5, 5, 0, 0, 0]
[0, 14, 16, 75.0, 39.646670611364556, 48.07865018668458, -1, 31, 1, 5, 4, 0, 0, 0]
[0, 14, 17, 73.5, 38.46292014934766, 38.46292014934766, -1, 31, 1, 5, 5, 0, 0, 0]
[0, 14, 18, 72.0, 39.646670611364556, 48.07865018668458, -1, 31, 1, 5, 4, 0, 0, 0]
[0, 14, 19, 70.5, 38.46292014934766, 38.46292014934766, -1, 31, 1, 5, 5, 0, 0, 0]
[0, 14, 20, 69.0, 39.646670611364556, 48.07865018668458, -1, 22, 1, 5, 4, 0, 0, 0]
[0, 14, 21, 67.5, 38.46292014934766, 38.46292014934766, -1, 22, 1, 5, 5, 0, 0, 0]
[0, 14, 22, 66.0, 39.646670611364556, 48.07865018668458, -1, 22, 1, 5, 4, 0, 0, 0]
[0, 14, 23, 64.5, 38.46292014934766, 38.46292014934766, -1, 22, 1, 5, 5, 0, 0, 0]
[0, 14, 24, 63.0, 39.646670611364556, 48.07865018668458, -1, 22, 1, 5, 4, 0, 0, 0]
[0, 14, 25, 61.5, 38.46292014934766, 38.46292014934766, -1, 22, 1, 5, 5, 0, 0, 0]
[0, 14, 26, 60.0, 39.646670611364556, 48.07865018668458, -1, 22, 1, 5, 4, 0, 0, 0]
[0, 14, 27, 58.5, 38.46292014934766, 38.46292014934766, -1, 22, 1, 5, 5, 0, 0, 0]
[0, 14, 28, 57.0, 39.646670611364556, 48.07865018668458, -1, 22, 1, 5, 4, 0, 0, 0]
[0, 14, 29, 55.5, 38.46292014934766, 38.46292014934766, -1, 22, 1, 5, 5, 0, 0, 0]
[0, 14, 30, 54.0, 39.646670611364556, 48.07865018668458, -1, 22, 1, 5, 4, 0, 0, 0]
[0, 14, 31, 52.5, 38.46292014934766, 38.46292014934766, -1, 22, 1, 5, 5, 0, 0, 0]
[0, 14, 32, 51.0, 39.646670611364556, 48.07865018668458, -1, 22, 1, 5, 4, 0, 0, 0]
[0, 14, 33, 49.5, 38.46292014934766, 38.46292014934766, -1, 13, 1, 5, 5, 0, 0, 0]
[0, 14, 34, 48.0, 39.646670611364556, 48.07865018668458, -1, 13, 1, 5, 4, 0, 0, 0]
[0, 14, 35, 46.5, 38.46292014934766, 38.46292014934766, -1, 13, 1, 5, 5, 0, 0, 0]
[0, 14, 36, 45.0, 39.646670611364556, 48.07865018668458, -1, 13, 1, 5, 4, 0, 0, 0]
[0, 14, 37, 43.5, 38.46292014934766, 38.46292014934766, -1, 13, 1, 5, 5, 0, 0, 0]
[0, 14, 38, 42.0, 39.646670611364556, 48.07865018668458, -1, 13, 1, 5, 4, 0, 0, 0]
[0, 14, 39, 40.5, 38.46292014934766, 38.46292014934766, -1, 13, 1, 5, 5, 0, 0, 0]
[0, 14, 40, 38.5, 39.646670611364556, 48.07865018668458, -1, 13, 1, 5, 4, 0, 0, 0]
[0, 14, 41, 36.0, 38.46292014934766, 38.46292014934766, -1, 13, 1, 5, 5, 0, 0, 0]
[0, 14, 42, 33.5, 39.646670611364556, 48.07865018668458, -1, 13, 1, 5, 4, 0, 0, 0]
[0, 14, 43, 31.0, 38.46292014934766, 38.46292014934766, -1, 13, 1, 5, 5, 0, 0, 0]
[0, 14, 44, 28.5, 39.646670611364556, 48.07865018668458, -1, 4, 1, 5, 4, 0, 0, 0]
[0, 14, 45, 26.0, 38.46292014934766, 38.46292014934766, -1, 4, 1, 5, 5, 0, 0, 0]
[0, 14, 46, 23.5, 39.646670611364556, 48.07865018668458, -1, 4, 1, 5, 4, 0, 0, 0]
[0, 14, 47, 21.0, 38.46292014934766, 38.46292014934766, -1, 4, 1, 5, 5, 0, 0, 0]
[0, 14, 48, 18.5, 39.646670611364556, 48.07865018668458, -1, 4, 1, 5, 4, 0, 0, 0]
[0, 14, 49, 16.0, 38.46292014934766, 38.46292014934766, -1, 4, 1, 5, 5, 0, 0, 0]
[0, 14, 50, 13.5, 39.646670611364556, 48.07865018668458, -1, 4, 1, 5, 4, 0, 0, 0]
[0, 14, 51, 11.0, 38.46292014934766, 38.46292014934766, -1, 4, 1, 5, 5, 0, 0, 0]
[0, 14, 52, 8.5, 39.646670611364556, 48.07865018668458, -1, 4, 1, 5, 4, 0, 0, 0]
[0, 15, 1, 97.5, 90.7146157431864, 94.70395779819081, -1, 35, 0, 1, 0, 0, 0, 0]
[0, 15, 2, 96.0, 82.71763746124408, 91.22282484984174, -1, 35, 1, 2, 0, 0, 0, 0]
[0, 15, 3, 94.5, 77.52449399906664, 82.15683345296888, -1, 35, 0, 2, 1, 0, 0, 0]
[0, 15, 4, 93.0, 73.23121821159823, 73.23121821159823, -1, 35, 0, 2, 2, 0, 0, 0]
[0, 15, 5, 91.5, 73.23121821159823, 73.23121821159823, -1, 35, 2, 2, 2, 0, 0, 0]
[0, 15, 6, 90.0, 64.5042780503158, 70.0035713374682, -1, 35, 1, 3, 2, 0, 0, 0]
[0, 15, 7, 88.5, 56.06885928153056, 67.99347915460106, -1, 34, 1, 4, 2, 0, 0, 0]
[0, 15, 8, 87.0, 48.07865018668458, 67.3101102613584, -1, 34, 1, 5, 2, 0, 0, 0]
[0, 15, 9, 85.5, 40.796087492760634, 67.99347915460106, -1, 34, 1, 6, 2, 0, 0, 0]
[0, 15, 10, 84.0, 34.670007700637505, 70.0035713374682, 5, 34, 1, 7, 2, 0, 0, 0]
[0, 15, 11, 82.5, 30.407608283280585, 73.23121821159823, 5, 33, 1, 8, 2, 0, 0, 0]
[0, 15, 12, 81.0, 21.501426016771934, 64.5042780503158, 5, 33, 1, 8, 3, 0, 0, 0]
[0, 15, 13, 79.5, 13.598695830920215, 56.06885928153056, 5, 30, 1, 8, 4, 0, 0, 0]
[0, 15, 14, 78.0, 9.615730037336915, 61.57071406268307, 5, 30, 1, 9, 4, 0, 0, 0]
[0, 15, 15, 76.5, 0, 54.39478332368086, 5, 30, 1, 9, 5, 1, 0, 0]
